StudentEDIPI,LastName,FirstName,Rank,Company,Platoon,SPCAssigned,ClassNumber,ClassStartDate,CurrentPhase,AcademicExam1,AcademicExam2,AcademicExam3,AcademicExam4,AcademicQuizAvg,AcademicComposite,PFTScore,CFTScore,RifleQual,PistolQual,LandNavDay,LandNavNight,LandNavWritten,ObstacleCourse,EnduranceCourse,MilSkillsComposite,LeadershipWeek12,LeadershipWeek22,PeerEvalWeek12,PeerEvalWeek22,LeadershipComposite,OverallComposite,ClassStandingThird,CompanyRank,AtRiskFlag,Status,Notes
1654477195,Bates,William,2ndLt,Alpha,4th,Capt Lamb,1-26,2026-01-05,Phase I - Individual Skills,95.7,,,,87.8,91.8,248,254,Expert,Sharpshooter,Pass,Pass,63.8,Not Yet Tested,Not Yet Tested,84.4,81.6,,79.4,,81.4,85.7,Top Third,32,None,Active,
9410288290,Keller,Garrett,WO,Alpha,3rd,Capt Harris,1-26,2026-01-05,Phase I - Individual Skills,76.7,,,,77.3,77.0,273,259,Sharpshooter,Marksman,Pass,Pass,76.7,Not Yet Tested,Not Yet Tested,84.9,74.5,,86.7,,75.7,79.1,Bottom Third,142,None,Active,
2465576748,Moore,Spencer,2ndLt,Alpha,4th,Capt Lamb,1-26,2026-01-05,Phase I - Individual Skills,83.2,,,,98.7,91.0,294,240,Sharpshooter,Expert,Pass,Not Yet Tested,65.9,Fail,Not Yet Tested,81.3,85.5,,66.1,,83.6,85.2,,,None,Academic Hold,Below 75% academic composite - counseled 15 Feb
2936179853,Thompson,Mason,2ndLt,Alpha,1st,Capt Bishop,1-26,2026-01-05,Phase I - Individual Skills,75.5,,,,80.2,77.8,235,247,Expert,Expert,Pass,Pass,80.3,Not Yet Tested,Not Yet Tested,87.3,69.8,,73.9,,70.2,78.1,Bottom Third,157,Leadership (<75%),Active,
7040562787,Perez,Dennis,2ndLt,Alpha,1st,Capt Bishop,1-26,2026-01-05,Phase I - Individual Skills,75.2,,,,70.2,72.7,261,261,Expert,Expert,Pass,Pass,80.6,Not Yet Tested,Not Yet Tested,89.2,63.1,,100,,66.8,75.9,Bottom Third,179,Multiple (<75%),Active,
7243788374,James,Samantha,2ndLt,Alpha,3rd,Capt Harris,1-26,2026-01-05,Phase I - Individual Skills,83.4,,,,79.4,81.4,234,263,Sharpshooter,Expert,Pass,Pass,55.5,Not Yet Tested,Not Yet Tested,83.0,59.3,,62.0,,59.6,74.1,Bottom Third,187,Leadership (<75%),Active,
6272000062,Ramos,Jerry,2ndLt,Alpha,1st,Capt Bishop,1-26,2026-01-05,Phase I - Individual Skills,83.3,,,,79.4,81.3,251,290,Sharpshooter,Expert,Fail,Pass,78.0,Not Yet Tested,Not Yet Tested,83.3,70.5,,80.1,,71.5,78.4,Bottom Third,151,Leadership (<75%),Active,
8996039244,Wilson,Jack,2ndLt,Alpha,4th,Capt Lamb,1-26,2026-01-05,Phase I - Individual Skills,85.4,,,,79.0,82.2,257,261,Sharpshooter,Marksman,Pass,Pass,74.7,Not Yet Tested,Not Yet Tested,83.9,69.7,,70.1,,69.7,78.2,Bottom Third,155,Leadership (<75%),Active,
7196439534,Ross,Amy,2ndLt,Alpha,1st,Capt Bishop,1-26,2026-01-05,Phase I - Individual Skills,85.8,,,,95.6,90.7,288,240,Marksman,Expert,Pass,Pass,69.6,Pass,Not Yet Tested,85.7,85.1,,86.5,,85.2,87.1,Top Third,14,None,Active,
7313226025,Tucker,Lindsey,2ndLt,Alpha,1st,Capt Bishop,1-26,2026-01-05,Phase I - Individual Skills,89.3,,,,86.8,88.0,295,278,Expert,Sharpshooter,Pass,Pass,83.2,Pass,Not Yet Tested,90.5,68.2,,60.5,,67.4,81.4,Middle Third,106,Leadership (<75%),Active,
1256143439,Jackson,Larry,2ndLt,Alpha,4th,Capt Lamb,1-26,2026-01-05,Phase I - Individual Skills,78.4,,,,88.9,83.7,205,244,Expert,Expert,Pass,Pass,84.2,Not Yet Tested,Not Yet Tested,86.3,91.3,,67.6,,88.9,86.4,Top Third,22,None,Active,
1111088881,Cook,Sophia,1stLt,Alpha,2nd,Capt Johnson,1-26,2026-01-05,Phase I - Individual Skills,91.0,,,,87.0,89.0,229,299,Sharpshooter,Expert,Pass,Pass,82.2,Not Yet Tested,Not Yet Tested,88.3,74.6,,100,,77.1,84.5,Top Third,46,None,Active,
8792122716,Holt,Sarah,2ndLt,Alpha,4th,Capt Lamb,1-26,2026-01-05,Phase I - Individual Skills,89.8,,,,87.9,88.8,267,274,Expert,Expert,Pass,Pass,83.6,Not Yet Tested,Pass,90.5,76.9,,86.1,,77.8,85.4,Top Third,33,None,Active,
9594878379,Carr,Mary,2ndLt,Alpha,2nd,Capt Johnson,1-26,2026-01-05,Phase I - Individual Skills,84.0,,,,92.6,88.3,265,248,Expert,Expert,Pass,Pass,71.8,Fail,Pass,84.2,78.1,,69.6,,77.2,83.0,Middle Third,74,None,Active,
2752306681,Vargas,Michael,2ndLt,Alpha,1st,Capt Bishop,1-26,2026-01-05,Phase I - Individual Skills,93.9,,,,91.8,92.8,295,258,Marksman,Expert,Pass,Pass,75.4,Not Yet Tested,Not Yet Tested,87.1,75.2,,79.5,,75.6,84.8,Top Third,40,None,Active,
4776677517,Brewer,Dennis,2ndLt,Alpha,3rd,Capt Harris,1-26,2026-01-05,Phase I - Individual Skills,83.2,,,,87.3,85.2,230,287,Sharpshooter,Expert,Pass,Pass,75.2,Not Yet Tested,Not Yet Tested,86.8,86.7,,88.0,,86.8,86.3,Top Third,25,None,Active,
7628981661,Bennett,Clay,2ndLt,Alpha,1st,Capt Bishop,1-26,2026-01-05,Phase I - Individual Skills,76.4,,,,77.6,77.0,291,252,Sharpshooter,Expert,Pass,Pass,76.8,Not Yet Tested,Not Yet Tested,88.3,71.4,,62.1,,70.5,78.3,Bottom Third,152,Leadership (<75%),Active,
5143889422,Hicks,Scott,2ndLt,Alpha,3rd,Capt Harris,1-26,2026-01-05,Phase I - Individual Skills,100,,,,95.6,97.8,265,270,Marksman,Expert,Pass,Fail,76.2,Not Yet Tested,Fail,78.1,72.7,,91.0,,74.5,83.1,Middle Third,73,Leadership (<75%),Active,
8953271391,Lee,Jasmine,2ndLt,Alpha,2nd,Capt Johnson,1-26,2026-01-05,Phase I - Individual Skills,83.6,,,,89.0,86.3,270,258,Marksman,Expert,Pass,Pass,63.4,Not Yet Tested,Not Yet Tested,84.2,79.8,,67.3,,78.5,82.8,Middle Third,76,None,Active,
4747699292,Blackwell,Ronald,2ndLt,Alpha,1st,Capt Bishop,1-26,2026-01-05,Phase I - Individual Skills,73.1,,,,71.5,72.3,251,270,Expert,Expert,Pass,Pass,72.0,Not Yet Tested,Pass,88.2,73.2,,71.8,,73.1,77.7,Bottom Third,169,Multiple (<75%),Active,
3504640817,Morris,Paige,2ndLt,Alpha,1st,Capt Bishop,1-26,2026-01-05,Phase I - Individual Skills,90.4,,,,77.5,84.0,264,283,Expert,Expert,Pass,Fail,73.4,Not Yet Tested,Not Yet Tested,84.4,93.4,,74.4,,91.5,86.8,Top Third,18,None,Active,
3075362821,Cox,Margaret,2ndLt,Alpha,3rd,Capt Harris,1-26,2026-01-05,Phase I - Individual Skills,89.3,,,,71.7,80.5,219,250,Sharpshooter,Expert,Pass,Pass,100,Not Yet Tested,Fail,83.9,89.7,,59.3,,86.7,83.8,Top Third,60,None,Active,
8739238825,Sutton,Kyle,2ndLt,Alpha,2nd,Capt Johnson,1-26,2026-01-05,Phase I - Individual Skills,86.2,,,,83.0,84.6,295,268,Expert,Expert,Pass,Pass,65.0,Not Yet Tested,Fail,84.7,79.6,,73.7,,79.0,82.6,Middle Third,81,None,Active,
8505373158,Wood,Trent,2ndLt,Alpha,3rd,Capt Harris,1-26,2026-01-05,Phase I - Individual Skills,86.3,,,,73.6,79.9,239,222,Sharpshooter,Expert,Pass,Pass,75.7,Not Yet Tested,Not Yet Tested,84.2,77.6,,82.2,,78.1,80.6,Middle Third,117,None,Active,
7688606771,Torres,Joshua,2ndLt,Alpha,4th,Capt Lamb,1-26,2026-01-05,Phase I - Individual Skills,91.5,,,,88.6,90.0,268,242,Expert,Expert,Pass,Pass,92.2,Not Yet Tested,Not Yet Tested,90.3,64.2,,61.7,,64.0,80.7,Middle Third,115,Leadership (<75%),Active,
9861449701,Singh,Cody,2ndLt,Alpha,4th,Capt Lamb,1-26,2026-01-05,Phase I - Individual Skills,80.0,,,,88.5,84.2,279,296,Expert,Expert,Pass,Fail,98.6,Fail,Not Yet Tested,85.0,93.2,,73.2,,91.2,87.0,Top Third,16,None,Active,
4120719599,Butler,Pamela,2ndLt,Alpha,3rd,Capt Harris,1-26,2026-01-05,Phase I - Individual Skills,86.0,,,,93.6,89.8,225,280,Sharpshooter,Expert,Pass,Pass,77.0,Not Yet Tested,Not Yet Tested,86.5,67.0,,93.9,,69.7,81.5,Middle Third,105,Leadership (<75%),Active,
5555027957,Alvarez,Kayla,2ndLt,Alpha,4th,Capt Lamb,1-26,2026-01-05,Phase I - Individual Skills,91.6,,,,85.7,88.7,240,277,Sharpshooter,Unqualified,Pass,Pass,83.8,Not Yet Tested,Not Yet Tested,81.6,84.7,,96.1,,85.8,85.4,Top Third,34,None,Active,
3518496186,Turner,Katherine,2ndLt,Alpha,1st,Capt Bishop,1-26,2026-01-05,Phase I - Individual Skills,80.9,,,,85.3,83.1,211,252,Unqualified,Unqualified,Pass,Pass,75.4,Pass,Fail,72.7,81.6,,70.9,,80.5,78.8,Bottom Third,147,MilSkills (<75%),Active,
6043349038,Jones,Bryce,2ndLt,Alpha,1st,Capt Bishop,1-26,2026-01-05,Phase I - Individual Skills,97.1,,,,87.9,92.5,248,231,Expert,Expert,Pass,Fail,82.6,Fail,Not Yet Tested,79.0,83.1,,77.2,,82.5,84.6,Top Third,43,None,Active,
5758659815,Perry,Kimberly,2ndLt,Alpha,4th,Capt Lamb,1-26,2026-01-05,Phase I - Individual Skills,74.7,,,,82.8,78.8,242,271,Sharpshooter,Expert,Pass,Pass,84.2,Not Yet Tested,Not Yet Tested,87.9,70.5,,77.6,,71.2,79.0,Bottom Third,144,Leadership (<75%),Active,
6218484323,Robinson,Brianna,2ndLt,Alpha,4th,Capt Lamb,1-26,2026-01-05,Phase I - Individual Skills,77.6,,,,74.2,75.9,278,257,Expert,Sharpshooter,Pass,Pass,82.3,Not Yet Tested,Pass,88.8,83.4,,80.5,,83.1,82.6,Middle Third,82,None,Active,
3389594115,King,Tristan,2ndLt,Alpha,1st,Capt Bishop,1-26,2026-01-05,Phase I - Individual Skills,69.9,,,,72.2,71.1,266,247,Sharpshooter,Marksman,Pass,Not Yet Tested,91.8,Not Yet Tested,Not Yet Tested,85.5,74.5,,74.7,,74.5,76.9,Bottom Third,174,Multiple (<75%),Active,
5759761714,Rice,Abigail,2ndLt,Alpha,4th,Capt Lamb,1-26,2026-01-05,Phase I - Individual Skills,82.4,,,,86.7,84.6,222,279,Unqualified,Sharpshooter,Pass,Pass,61.9,Fail,Fail,72.7,77.7,,69.8,,76.9,78.0,Bottom Third,160,MilSkills (<75%),Active,
1026224160,Hughes,Dillon,2ndLt,Alpha,2nd,Capt Johnson,1-26,2026-01-05,Phase I - Individual Skills,84.4,,,,87.3,85.8,263,262,Sharpshooter,Expert,Pass,Pass,78.1,Not Yet Tested,Not Yet Tested,87.6,82.0,,65.2,,80.3,84.4,Top Third,50,None,Active,
1668210614,Wilson,Kevin,2ndLt,Alpha,1st,Capt Bishop,1-26,2026-01-05,Phase I - Individual Skills,80.5,,,,85.8,83.2,268,241,Expert,Expert,Pass,Pass,86.3,Fail,Not Yet Tested,85.1,77.7,,84.6,,78.4,82.1,Middle Third,90,None,Active,
1033015788,Anderson,Emma,2ndLt,Alpha,1st,Capt Bishop,1-26,2026-01-05,Phase I - Individual Skills,83.5,,,,82.2,82.8,270,264,Sharpshooter,Expert,Pass,Pass,81.1,Not Yet Tested,Not Yet Tested,88.4,81.2,,74.4,,80.5,83.8,Top Third,61,None,Active,
5375461598,Fisher,Charles,2ndLt,Alpha,3rd,Capt Harris,1-26,2026-01-05,Phase I - Individual Skills,91.3,,,,91.4,91.3,240,260,Expert,Expert,Pass,Pass,69.9,Not Yet Tested,Not Yet Tested,86.7,83.4,,75.9,,82.7,86.7,Top Third,20,None,Active,
5632753983,Morales,Jason,2ndLt,Alpha,1st,Capt Bishop,1-26,2026-01-05,Phase I - Individual Skills,85.1,,,,92.3,88.7,295,290,Expert,Expert,Pass,Pass,86.5,Not Yet Tested,Not Yet Tested,93.1,82.5,,81.7,,82.4,87.8,Top Third,11,None,Active,
1323639855,Gomez,Caleb,2ndLt,Alpha,4th,Capt Lamb,1-26,2026-01-05,Phase I - Individual Skills,90.6,,,,87.7,89.2,262,238,Marksman,Sharpshooter,Not Yet Tested,Pass,72.8,Not Yet Tested,Not Yet Tested,81.6,70.6,,82.2,,71.8,80.5,Middle Third,120,Leadership (<75%),Active,
8715177240,Cox,Natalie,2ndLt,Alpha,3rd,Capt Harris,1-26,2026-01-05,Phase I - Individual Skills,73.2,,,,79.7,76.5,268,284,Expert,Sharpshooter,Not Yet Tested,Pass,82.2,Not Yet Tested,Not Yet Tested,89.4,60.4,,66.0,,61.0,75.0,Bottom Third,182,Leadership (<75%),Active,
6103449651,Aguilar,Charles,2ndLt,Alpha,4th,Capt Lamb,1-26,2026-01-05,Phase I - Individual Skills,70.9,,,,78.8,74.8,248,279,Unqualified,Expert,Pass,Pass,62.3,Not Yet Tested,Not Yet Tested,80.4,67.8,,75.9,,68.6,74.4,Bottom Third,185,Multiple (<75%),Active,
9237475801,Myers,Wyatt,2ndLt,Alpha,1st,Capt Bishop,1-26,2026-01-05,Phase I - Individual Skills,77.1,,,,70.9,74.0,248,253,Expert,Expert,Pass,Pass,73.4,Not Yet Tested,Not Yet Tested,87.2,75.9,,74.6,,75.8,78.9,Bottom Third,146,Academic (<75%),Active,
3850192297,Medina,Kenneth,2ndLt,Alpha,2nd,Capt Johnson,1-26,2026-01-05,Phase I - Individual Skills,85.8,,,,84.7,85.2,224,287,Expert,Expert,Pass,Pass,91.4,Pass,Not Yet Tested,90.2,72.4,,82.4,,73.4,82.6,Middle Third,83,Leadership (<75%),Active,
6214917780,Richardson,Colton,2ndLt,Alpha,2nd,Capt Johnson,1-26,2026-01-05,Phase I - Individual Skills,88.9,,,,91.1,90.0,268,299,Expert,Sharpshooter,Pass,Fail,89.0,Fail,Not Yet Tested,82.2,71.0,,68.9,,70.8,80.6,Middle Third,118,Leadership (<75%),Active,
4876877928,Adams,Brandon,2ndLt,Alpha,2nd,Capt Johnson,1-26,2026-01-05,Phase I - Individual Skills,80.1,,,,77.4,78.8,285,292,Sharpshooter,Sharpshooter,Pass,Pass,77.4,Not Yet Tested,Not Yet Tested,88.5,84.9,,74.3,,83.8,83.7,Top Third,63,None,Active,
9523104008,Hardy,Kelsey,1stLt,Alpha,3rd,Capt Harris,1-26,2026-01-05,Phase I - Individual Skills,76.6,,,,72.1,74.3,276,300,Sharpshooter,Expert,Pass,Pass,76.1,Not Yet Tested,Not Yet Tested,89.7,93.9,,89.6,,93.5,86.1,Top Third,28,Academic (<75%),Active,
5983503547,Reed,Gary,2ndLt,Alpha,3rd,Capt Harris,1-26,2026-01-05,Phase I - Individual Skills,74.8,,,,73.7,74.2,245,296,Marksman,Marksman,Pass,Pass,70.2,Not Yet Tested,Not Yet Tested,82.9,85.6,,81.5,,85.2,80.9,Middle Third,112,Academic (<75%),Active,
8086527181,Sanchez,Dalton,2ndLt,Alpha,4th,Capt Lamb,1-26,2026-01-05,Phase I - Individual Skills,80.5,,,,81.4,81.0,295,261,Sharpshooter,Expert,Pass,Pass,74.8,Pass,Not Yet Tested,88.8,78.4,,65.9,,77.2,82.1,Middle Third,91,None,Active,
2237386857,Harmon,Jeffrey,2ndLt,Alpha,3rd,Capt Harris,1-26,2026-01-05,Phase I - Individual Skills,82.7,,,,75.0,78.8,276,256,Marksman,Expert,Pass,Pass,81.3,Pass,Not Yet Tested,87.3,88.4,,78.1,,87.4,84.6,Top Third,44,None,Active,
3869961166,Coleman,Heather,2ndLt,Alpha,1st,Capt Bishop,1-26,2026-01-05,Phase I - Individual Skills,73.8,,,,79.3,76.5,246,270,Expert,Marksman,Pass,Pass,68.4,Not Yet Tested,Not Yet Tested,84.3,77.9,,80.9,,78.2,79.6,Bottom Third,134,None,Active,
8544878538,Donovan,Logan,2ndLt,Alpha,3rd,Capt Harris,1-26,2026-01-05,Phase I - Individual Skills,90.5,,,,84.0,87.2,285,280,Unqualified,Expert,Pass,Pass,66.7,Not Yet Tested,Not Yet Tested,82.9,85.9,,79.5,,85.3,85.1,,,None,Medical Hold (Mike Co),ACL injury during obstacle course - surgery scheduled
9303765140,Watson,Charles,2ndLt,Alpha,4th,Capt Lamb,1-26,2026-01-05,Phase I - Individual Skills,56.6,,,,55.1,55.9,250,265,Expert,Sharpshooter,Fail,Pass,73.5,Fail,Not Yet Tested,78.1,72.2,,84.3,,73.4,69.3,Bottom Third,190,Multiple (<75%),Active,
5182110973,Gray,Dominic,2ndLt,Alpha,2nd,Capt Johnson,1-26,2026-01-05,Phase I - Individual Skills,72.8,,,,76.9,74.8,241,275,Expert,Sharpshooter,Pass,Pass,64.7,Not Yet Tested,Fail,81.5,75.8,,90.7,,77.3,77.8,Bottom Third,165,Academic (<75%),Active,
8257484586,Nelson,Susan,2ndLt,Alpha,1st,Capt Bishop,1-26,2026-01-05,Phase I - Individual Skills,81.8,,,,83.2,82.5,238,281,Unqualified,Marksman,Pass,Pass,79.9,Not Yet Tested,Not Yet Tested,79.7,70.5,,55.7,,69.0,76.7,Bottom Third,176,Leadership (<75%),Active,
2881937953,Sutton,Larry,2ndLt,Alpha,3rd,Capt Harris,1-26,2026-01-05,Phase I - Individual Skills,88.7,,,,83.8,86.2,236,270,Expert,Expert,Pass,Pass,79.2,Pass,Not Yet Tested,88.5,69.6,,86.7,,71.3,81.6,,,Leadership (<75%),Medical Hold (Mike Co),ACL injury during obstacle course - surgery scheduled
4159699467,Miller,Ryan,2ndLt,Alpha,3rd,Capt Harris,1-26,2026-01-05,Phase I - Individual Skills,74.1,,,,71.2,72.7,248,264,Unqualified,Expert,Fail,Pass,90.9,Pass,Not Yet Tested,80.2,87.9,,71.5,,86.3,80.0,Middle Third,126,Academic (<75%),Active,
9532273208,Sharp,Brian,2ndLt,Alpha,4th,Capt Lamb,1-26,2026-01-05,Phase I - Individual Skills,69.0,,,,72.6,70.8,249,261,Sharpshooter,Sharpshooter,Pass,Pass,85.6,Pass,Not Yet Tested,87.0,80.9,,89.6,,81.8,79.9,Bottom Third,127,Academic (<75%),Active,
7752880042,Vargas,Colton,2ndLt,Alpha,4th,Capt Lamb,1-26,2026-01-05,Phase I - Individual Skills,62.5,,,,65.3,63.9,293,283,Sharpshooter,Expert,Pass,Pass,84.0,Not Yet Tested,Fail,86.4,73.8,,69.5,,73.4,74.5,Bottom Third,183,Multiple (<75%),Active,
2479679716,Olson,Paige,2ndLt,Alpha,2nd,Capt Johnson,1-26,2026-01-05,Phase I - Individual Skills,86.0,,,,90.4,88.2,243,286,Marksman,Expert,Pass,Pass,77.8,Fail,Not Yet Tested,82.4,83.4,,100,,85.1,85.2,Top Third,35,None,Active,
4633257620,Reed,Kathleen,2ndLt,Alpha,2nd,Capt Johnson,1-26,2026-01-05,Phase I - Individual Skills,89.1,,,,80.0,84.5,251,257,Expert,Expert,Fail,Pass,91.7,Not Yet Tested,Not Yet Tested,85.1,66.3,,66.2,,66.3,78.1,Bottom Third,158,Leadership (<75%),Active,
1121863227,Hernandez,Alicia,2ndLt,Alpha,3rd,Capt Harris,1-26,2026-01-05,Phase I - Individual Skills,95.0,,,,87.9,91.5,238,267,Sharpshooter,Expert,Pass,Pass,69.7,Not Yet Tested,Not Yet Tested,85.4,84.6,,63.7,,82.5,86.3,Top Third,26,None,Active,
9903351330,Stone,Derek,2ndLt,Alpha,1st,Capt Bishop,1-26,2026-01-05,Phase I - Individual Skills,92.0,,,,87.3,89.7,257,251,Sharpshooter,Sharpshooter,Fail,Not Yet Tested,74.6,Fail,Not Yet Tested,74.8,85.3,,82.6,,85.0,83.2,Middle Third,69,MilSkills (<75%),Active,
2931000173,Morgan,Gary,2ndLt,Alpha,4th,Capt Lamb,1-26,2026-01-05,Phase I - Individual Skills,84.9,,,,91.2,88.1,238,220,Marksman,Sharpshooter,Fail,Pass,92.6,Pass,Not Yet Tested,80.0,69.5,,76.9,,70.2,79.1,,,Leadership (<75%),Medical Hold (Mike Co),Heat injury recovery - cleared for limited duty
2033921654,Garcia,Stephanie,2ndLt,Alpha,2nd,Capt Johnson,1-26,2026-01-05,Phase I - Individual Skills,79.0,,,,78.8,78.9,288,281,Expert,Expert,Pass,Pass,67.5,Fail,Not Yet Tested,85.3,73.9,,85.5,,75.1,79.6,Bottom Third,135,None,Active,
6131005449,Garza,Rachel,2ndLt,Alpha,2nd,Capt Johnson,1-26,2026-01-05,Phase I - Individual Skills,78.4,,,,72.2,75.3,254,254,Sharpshooter,Expert,Not Yet Tested,Pass,100,Not Yet Tested,Not Yet Tested,89.9,94.0,,71.7,,91.8,85.9,Top Third,29,None,Active,
7481631841,Bishop,Tyler,2ndLt,Alpha,1st,Capt Bishop,1-26,2026-01-05,Phase I - Individual Skills,79.6,,,,81.9,80.8,272,243,Sharpshooter,Expert,Pass,Pass,81.8,Fail,Not Yet Tested,83.6,69.3,,77.5,,70.1,77.8,Bottom Third,166,Leadership (<75%),Active,
7712708591,Cabrera,Melissa,2ndLt,Alpha,2nd,Capt Johnson,1-26,2026-01-05,Phase I - Individual Skills,80.7,,,,79.6,80.2,266,250,Marksman,Marksman,Pass,Pass,84.3,Pass,Not Yet Tested,84.5,75.2,,74.9,,75.2,79.8,Bottom Third,128,None,Active,
8907752604,Villarreal,Natalie,2ndLt,Alpha,3rd,Capt Harris,1-26,2026-01-05,Phase I - Individual Skills,95.3,,,,98.8,97.0,267,268,Expert,Expert,Pass,Pass,81.2,Not Yet Tested,Not Yet Tested,89.9,90.2,,66.3,,87.8,91.4,Top Third,2,None,Active,
8139209752,Pruitt,Donald,2ndLt,Alpha,2nd,Capt Johnson,1-26,2026-01-05,Phase I - Individual Skills,74.5,,,,79.2,76.8,295,255,Sharpshooter,Sharpshooter,Pass,Pass,87.8,Not Yet Tested,Pass,88.9,78.6,,86.3,,79.4,81.6,Middle Third,102,None,Active,
8322868827,Benson,Derek,2ndLt,Alpha,4th,Capt Lamb,1-26,2026-01-05,Phase I - Individual Skills,83.2,,,,85.5,84.3,237,264,Sharpshooter,Expert,Not Yet Tested,Pass,85.0,Not Yet Tested,Not Yet Tested,87.0,78.1,,86.0,,78.9,83.2,Middle Third,70,None,Active,
3057629778,Lee,Savannah,2ndLt,Alpha,2nd,Capt Johnson,1-26,2026-01-05,Phase I - Individual Skills,90.9,,,,90.6,90.8,239,283,Expert,Expert,Pass,Pass,90.5,Not Yet Tested,Fail,86.2,75.1,,87.9,,76.4,84.1,Top Third,54,None,Active,
1590416424,Benson,Paige,2ndLt,Alpha,2nd,Capt Johnson,1-26,2026-01-05,Phase I - Individual Skills,100,,,,100,100.0,285,282,Sharpshooter,Sharpshooter,Pass,Pass,72.3,Pass,Not Yet Tested,87.7,81.6,,94.3,,82.9,89.9,Top Third,4,None,Active,
4597485607,Hall,Christopher,2ndLt,Alpha,4th,Capt Lamb,1-26,2026-01-05,Phase I - Individual Skills,83.4,,,,87.6,85.5,217,278,Marksman,Expert,Pass,Pass,95.3,Not Yet Tested,Not Yet Tested,87.2,75.0,,87.5,,76.2,82.7,Middle Third,79,None,Active,
7546898241,Lynch,Alexis,2ndLt,Alpha,1st,Capt Bishop,1-26,2026-01-05,Phase I - Individual Skills,83.6,,,,82.1,82.8,254,271,Sharpshooter,Sharpshooter,Pass,Pass,71.6,Not Yet Tested,Not Yet Tested,85.2,77.3,,72.2,,76.8,81.4,Middle Third,107,None,Active,
9147736635,Day,Lauren,2ndLt,Alpha,2nd,Capt Johnson,1-26,2026-01-05,Phase I - Individual Skills,81.2,,,,91.6,86.4,274,269,Expert,Expert,Pass,Pass,85.0,Not Yet Tested,Not Yet Tested,90.9,75.4,,93.2,,77.2,84.5,Top Third,47,None,Active,
8102515984,Gutierrez,John,2ndLt,Alpha,3rd,Capt Harris,1-26,2026-01-05,Phase I - Individual Skills,79.3,,,,83.5,81.4,269,245,Marksman,Sharpshooter,Pass,Pass,86.6,Not Yet Tested,Not Yet Tested,85.4,75.2,,73.4,,75.0,80.4,Middle Third,123,None,Active,
5952894290,Rose,Jonathan,2ndLt,Alpha,3rd,Capt Harris,1-26,2026-01-05,Phase I - Individual Skills,75.0,,,,77.5,76.2,271,241,Sharpshooter,Expert,Pass,Pass,82.3,Not Yet Tested,Fail,83.5,71.6,,76.3,,72.1,77.1,,,Leadership (<75%),Medical Hold (Mike Co),Plantar fasciitis - non-weight bearing profile
3304937838,Thomas,Jeffrey,2ndLt,Alpha,2nd,Capt Johnson,1-26,2026-01-05,Phase I - Individual Skills,98.5,,,,84.4,91.5,268,260,Marksman,Expert,Pass,Pass,68.7,Not Yet Tested,Not Yet Tested,85.0,67.5,,72.6,,68.0,81.0,Middle Third,110,Leadership (<75%),Active,
5388470693,Strickland,Chase,2ndLt,Alpha,4th,Capt Lamb,1-26,2026-01-05,Phase I - Individual Skills,82.4,,,,82.3,82.3,265,237,Expert,Expert,Fail,Not Yet Tested,87.2,Not Yet Tested,Not Yet Tested,83.3,82.1,,82.9,,82.2,82.6,Middle Third,84,None,Active,
7100408092,Bonilla,Alexis,2ndLt,Alpha,2nd,Capt Johnson,1-26,2026-01-05,Phase I - Individual Skills,89.6,,,,95.8,92.7,215,243,Sharpshooter,Expert,Pass,Pass,90.7,Fail,Not Yet Tested,82.3,79.1,,71.0,,78.3,84.2,Top Third,53,None,Active,
6576426590,Ibarra,James,2ndLt,Alpha,4th,Capt Lamb,1-26,2026-01-05,Phase I - Individual Skills,71.8,,,,70.1,70.9,246,265,Expert,Marksman,Pass,Pass,89.2,Not Yet Tested,Not Yet Tested,87.1,81.9,,57.4,,79.5,79.2,Bottom Third,140,Academic (<75%),Active,
1885113834,Morris,David,2ndLt,Alpha,4th,Capt Lamb,1-26,2026-01-05,Phase I - Individual Skills,84.5,,,,78.6,81.5,233,296,Expert,Expert,Pass,Fail,84.9,Fail,Not Yet Tested,81.4,90.2,,71.4,,88.3,83.9,Top Third,57,None,Active,
8809893329,Brewer,Diane,2ndLt,Alpha,3rd,Capt Harris,1-26,2026-01-05,Phase I - Individual Skills,93.5,,,,88.2,90.8,252,251,Expert,Expert,Pass,Pass,84.1,Not Yet Tested,Not Yet Tested,88.8,87.9,,80.7,,87.2,88.9,Top Third,6,None,Active,
7547518979,Fields,Alexis,2ndLt,Alpha,2nd,Capt Johnson,1-26,2026-01-05,Phase I - Individual Skills,74.5,,,,78.5,76.5,270,251,Expert,Marksman,Pass,Pass,78.2,Fail,Not Yet Tested,82.1,75.5,,76.1,,75.6,78.0,Bottom Third,161,None,Active,
6168291913,Rogers,Mason,2ndLt,Alpha,3rd,Capt Harris,1-26,2026-01-05,Phase I - Individual Skills,62.1,,,,72.1,67.1,246,263,Expert,Sharpshooter,Pass,Fail,73.6,Pass,Not Yet Tested,82.3,85.5,,71.4,,84.1,78.1,Bottom Third,159,Academic (<75%),Active,
5025070544,Diaz,Michael,2ndLt,Alpha,4th,Capt Lamb,1-26,2026-01-05,Phase I - Individual Skills,85.3,,,,90.5,87.9,255,266,Expert,Marksman,Pass,Pass,93.6,Not Yet Tested,Not Yet Tested,88.2,75.6,,84.0,,76.4,83.9,Top Third,58,None,Active,
3001472250,Dunn,Cynthia,2ndLt,Alpha,1st,Capt Bishop,1-26,2026-01-05,Phase I - Individual Skills,78.6,,,,86.4,82.5,233,270,Expert,Marksman,Pass,Pass,88.3,Not Yet Tested,Not Yet Tested,86.6,78.6,,69.8,,77.7,82.1,Middle Third,92,None,Active,
6282889763,James,Tyler,2ndLt,Alpha,2nd,Capt Johnson,1-26,2026-01-05,Phase I - Individual Skills,75.0,,,,67.5,71.2,236,247,Expert,Sharpshooter,Pass,Pass,94.5,Not Yet Tested,Not Yet Tested,87.9,87.2,,87.7,,87.2,82.3,Middle Third,88,Academic (<75%),Active,
5111301175,Barker,Jack,2ndLt,Alpha,4th,Capt Lamb,1-26,2026-01-05,Phase I - Individual Skills,65.4,,,,73.5,69.5,276,267,Expert,Sharpshooter,Pass,Pass,80.3,Fail,Not Yet Tested,84.5,70.2,,68.0,,70.0,74.5,Bottom Third,184,Multiple (<75%),Active,
8126571968,Rice,Grace,2ndLt,Alpha,4th,Capt Lamb,1-26,2026-01-05,Phase I - Individual Skills,92.4,,,,91.2,91.8,257,261,Expert,Expert,Pass,Pass,67.8,Not Yet Tested,Pass,87.6,73.4,,76.9,,73.8,84.0,Top Third,56,Leadership (<75%),Active,
6817280229,Marsh,Madison,2ndLt,Alpha,3rd,Capt Harris,1-26,2026-01-05,Phase I - Individual Skills,81.0,,,,87.2,84.1,248,266,Expert,Sharpshooter,Pass,Not Yet Tested,95.4,Not Yet Tested,Fail,84.5,71.7,,86.7,,73.2,80.3,Middle Third,124,Leadership (<75%),Active,
9630522755,Day,Mark,2ndLt,Alpha,3rd,Capt Harris,1-26,2026-01-05,Phase I - Individual Skills,91.6,,,,80.1,85.8,273,229,Expert,Expert,Pass,Pass,72.1,Not Yet Tested,Not Yet Tested,87.1,77.3,,78.5,,77.4,83.2,Middle Third,71,None,Active,
9270323795,Brock,Joshua,2ndLt,Alpha,3rd,Capt Harris,1-26,2026-01-05,Phase I - Individual Skills,86.5,,,,99.3,92.9,267,245,Expert,Sharpshooter,Pass,Pass,100,Pass,Not Yet Tested,90.1,64.0,,70.1,,64.6,81.8,Middle Third,97,Leadership (<75%),Active,
6719736115,Barker,Kelsey,2ndLt,Alpha,1st,Capt Bishop,1-26,2026-01-05,Phase I - Individual Skills,79.4,,,,88.6,84.0,252,220,Expert,Expert,Pass,Pass,79.9,Not Yet Tested,Not Yet Tested,86.7,67.6,,88.4,,69.7,79.7,Bottom Third,130,Leadership (<75%),Active,
9558091177,Holt,Joseph,2ndLt,Alpha,2nd,Capt Johnson,1-26,2026-01-05,Phase I - Individual Skills,74.8,,,,78.5,76.7,245,252,Expert,Sharpshooter,Pass,Pass,66.7,Pass,Not Yet Tested,85.3,81.1,,72.3,,80.2,80.7,Middle Third,116,None,Active,
2549195708,Brooks,Brayden,2ndLt,Alpha,2nd,Capt Johnson,1-26,2026-01-05,Phase I - Individual Skills,100,,,,91.7,95.8,269,272,Expert,Expert,Pass,Pass,82.6,Pass,Not Yet Tested,90.4,83.9,,58.5,,81.4,88.9,,,Multiple (<75%),Dropped,DOR - personal reasons
9953716239,Bell,Marcus,2ndLt,Alpha,1st,Capt Bishop,1-26,2026-01-05,Phase I - Individual Skills,89.8,,,,100,94.9,251,274,Expert,Expert,Pass,Pass,88.6,Not Yet Tested,Not Yet Tested,90.5,76.4,,78.4,,76.6,86.9,Top Third,17,None,Active,
3648572296,Murphy,Dylan,2ndLt,Alpha,3rd,Capt Harris,1-26,2026-01-05,Phase I - Individual Skills,78.5,,,,81.8,80.2,256,276,Marksman,Expert,Pass,Pass,71.8,Not Yet Tested,Not Yet Tested,85.6,76.2,,90.9,,77.7,81.0,,,None,Medical Hold (Mike Co),ACL injury during obstacle course - surgery scheduled
6665653122,Watson,Kimberly,2ndLt,Alpha,3rd,Capt Harris,1-26,2026-01-05,Phase I - Individual Skills,73.9,,,,87.8,80.8,246,258,Sharpshooter,Expert,Fail,Pass,87.2,Not Yet Tested,Pass,83.8,89.6,,74.8,,88.1,84.4,Top Third,51,None,Active,
3975704877,Turner,Bailey,2ndLt,Alpha,3rd,Capt Harris,1-26,2026-01-05,Phase I - Individual Skills,79.9,,,,84.0,82.0,271,255,Sharpshooter,Sharpshooter,Pass,Pass,74.5,Not Yet Tested,Not Yet Tested,85.7,71.3,,84.9,,72.7,79.8,Bottom Third,129,Leadership (<75%),Active,
3334938378,Butler,Molly,2ndLt,Alpha,4th,Capt Lamb,1-26,2026-01-05,Phase I - Individual Skills,79.3,,,,87.8,83.5,236,260,Sharpshooter,Sharpshooter,Pass,Pass,76.8,Fail,Not Yet Tested,80.9,72.1,,93.5,,74.2,79.3,Bottom Third,139,Leadership (<75%),Active,
5718479235,Williams,Jason,2ndLt,Alpha,2nd,Capt Johnson,1-26,2026-01-05,Phase I - Individual Skills,92.5,,,,78.6,85.5,241,269,Expert,Sharpshooter,Pass,Pass,89.5,Not Yet Tested,Not Yet Tested,88.5,74.3,,99.6,,76.8,83.3,Middle Third,67,None,Active,
4135973483,Robinson,Kevin,2ndLt,Alpha,4th,Capt Lamb,1-26,2026-01-05,Phase I - Individual Skills,81.5,,,,78.8,80.2,225,260,Sharpshooter,Expert,Pass,Pass,83.7,Not Yet Tested,Fail,82.5,71.9,,65.9,,71.3,77.7,Bottom Third,170,Leadership (<75%),Active,
5982744929,Tran,Raymond,2ndLt,Alpha,4th,Capt Lamb,1-26,2026-01-05,Phase I - Individual Skills,58.6,,,,63.7,61.2,280,276,Expert,Expert,Pass,Pass,93.1,Not Yet Tested,Not Yet Tested,92.6,78.3,,71.5,,77.6,77.2,Bottom Third,173,Academic (<75%),Active,
9858643842,Brennan,Jordan,2ndLt,Alpha,1st,Capt Bishop,1-26,2026-01-05,Phase I - Individual Skills,100,,,,96.4,98.2,275,250,Marksman,Expert,Pass,Pass,82.1,Not Yet Tested,Not Yet Tested,86.7,70.0,,93.8,,72.4,85.2,Top Third,36,Leadership (<75%),Active,
9953941533,Hall,Madison,2ndLt,Alpha,1st,Capt Bishop,1-26,2026-01-05,Phase I - Individual Skills,86.5,,,,83.8,85.2,270,257,Expert,Expert,Pass,Pass,68.8,Not Yet Tested,Not Yet Tested,87.8,56.4,,50,,55.8,75.4,Bottom Third,181,Leadership (<75%),Active,
7397963801,Nelson,Christine,2ndLt,Alpha,3rd,Capt Harris,1-26,2026-01-05,Phase I - Individual Skills,89.8,,,,85.2,87.5,258,263,Expert,Sharpshooter,Not Yet Tested,Pass,81.1,Not Yet Tested,Not Yet Tested,87.5,65.1,,87.7,,67.4,80.3,Middle Third,125,Leadership (<75%),Active,
9945002229,Nelson,Melissa,2ndLt,Alpha,1st,Capt Bishop,1-26,2026-01-05,Phase I - Individual Skills,96.9,,,,94.4,95.7,274,253,Expert,Sharpshooter,Pass,Pass,78.6,Pass,Not Yet Tested,88.0,55,,69.8,,56.5,79.1,Bottom Third,143,Leadership (<75%),Active,
8382963909,Ibarra,Pamela,2ndLt,Alpha,1st,Capt Bishop,1-26,2026-01-05,Phase I - Individual Skills,54.5,,,,64.8,59.6,283,265,Unqualified,Expert,Pass,Pass,71.6,Not Yet Tested,Not Yet Tested,82.8,81.1,,70.7,,80.1,74.4,Bottom Third,186,Academic (<75%),Active,
8012696455,Conner,Andrea,2ndLt,Alpha,2nd,Capt Johnson,1-26,2026-01-05,Phase I - Individual Skills,86.6,,,,84.9,85.8,271,282,Expert,Expert,Pass,Pass,83.4,Fail,Not Yet Tested,86.6,60.8,,76.1,,62.3,77.6,Bottom Third,171,Leadership (<75%),Active,
8669484644,Wright,Timothy,2ndLt,Alpha,2nd,Capt Johnson,1-26,2026-01-05,Phase I - Individual Skills,96.2,,,,100,98.1,245,275,Sharpshooter,Sharpshooter,Pass,Pass,74.3,Not Yet Tested,Not Yet Tested,85.4,78.9,,88.3,,79.8,87.4,Top Third,13,None,Active,
5694806361,Martin,Betty,2ndLt,Alpha,4th,Capt Lamb,1-26,2026-01-05,Phase I - Individual Skills,75.2,,,,79.1,77.2,246,282,Expert,Sharpshooter,Pass,Pass,77.3,Not Yet Tested,Not Yet Tested,87.6,78.0,,80.8,,78.3,80.9,Middle Third,113,None,Active,
6204862411,Jenkins,Anna,2ndLt,Alpha,1st,Capt Bishop,1-26,2026-01-05,Phase I - Individual Skills,89.6,,,,77.5,83.5,283,244,Expert,Sharpshooter,Pass,Pass,75.3,Not Yet Tested,Not Yet Tested,87.3,92.6,,91.9,,92.5,88.0,Top Third,9,None,Active,
9409682410,Stone,Karen,1stLt,Alpha,2nd,Capt Johnson,1-26,2026-01-05,Phase I - Individual Skills,92.9,,,,89.5,91.2,282,290,Expert,Sharpshooter,Pass,Pass,99.5,Not Yet Tested,Fail,88.1,69.8,,66.6,,69.5,82.4,Middle Third,86,Leadership (<75%),Active,
3815287619,Barnes,Noah,2ndLt,Alpha,2nd,Capt Johnson,1-26,2026-01-05,Phase I - Individual Skills,81.7,,,,79.8,80.8,257,269,Expert,Sharpshooter,Pass,Not Yet Tested,94.9,Not Yet Tested,Pass,90.0,80.5,,82.3,,80.7,83.7,Middle Third,64,None,Active,
6640801643,Clark,Edward,2ndLt,Alpha,2nd,Capt Johnson,1-26,2026-01-05,Phase I - Individual Skills,83.3,,,,86.2,84.8,214,300,Expert,Expert,Pass,Pass,100,Not Yet Tested,Not Yet Tested,91.6,76.4,,73.9,,76.2,83.9,Top Third,59,None,Active,
8243746556,Frank,Jennifer,2ndLt,Alpha,4th,Capt Lamb,1-26,2026-01-05,Phase I - Individual Skills,82.5,,,,89.6,86.0,280,248,Unqualified,Expert,Pass,Pass,74.7,Fail,Not Yet Tested,78.8,73.6,,59.9,,72.2,78.7,Bottom Third,149,Leadership (<75%),Active,
6977525103,Cox,Abigail,2ndLt,Alpha,2nd,Capt Johnson,1-26,2026-01-05,Phase I - Individual Skills,66.5,,,,74.3,70.4,237,254,Sharpshooter,Expert,Fail,Pass,84.9,Not Yet Tested,Not Yet Tested,81.9,67.0,,90.5,,69.4,73.7,Bottom Third,188,Multiple (<75%),Active,
1313497572,Sanders,Barbara,2ndLt,Alpha,1st,Capt Bishop,1-26,2026-01-05,Phase I - Individual Skills,80.4,,,,82.8,81.6,295,284,Expert,Sharpshooter,Pass,Pass,76.8,Not Yet Tested,Not Yet Tested,90.0,75.0,,76.7,,75.2,82.0,Middle Third,94,None,Active,
9929329605,Richardson,Kevin,WO,Alpha,2nd,Capt Johnson,1-26,2026-01-05,Phase I - Individual Skills,94.6,,,,100,97.3,273,236,Sharpshooter,Sharpshooter,Pass,Pass,71.2,Not Yet Tested,Not Yet Tested,84.4,80.7,,100,,82.6,87.9,Top Third,10,None,Active,
5531313426,Stone,Ryan,2ndLt,Alpha,2nd,Capt Johnson,1-26,2026-01-05,Phase I - Individual Skills,69.8,,,,76.4,73.1,259,267,Expert,Expert,Pass,Pass,81.1,Fail,Fail,81.8,79.5,,73.0,,78.8,77.9,Bottom Third,162,Academic (<75%),Active,
8761469117,Bennett,Joseph,2ndLt,Alpha,2nd,Capt Johnson,1-26,2026-01-05,Phase I - Individual Skills,83.4,,,,80.4,81.9,223,285,Expert,Expert,Pass,Pass,85.1,Pass,Not Yet Tested,89.3,78.0,,73.6,,77.6,82.7,Middle Third,80,None,Active,
4706249669,Smith,Laura,2ndLt,Alpha,2nd,Capt Johnson,1-26,2026-01-05,Phase I - Individual Skills,88.0,,,,80.6,84.3,265,300,Expert,Marksman,Pass,Pass,71.7,Not Yet Tested,Not Yet Tested,87.1,78.7,,70.2,,77.8,82.9,Middle Third,75,None,Active,
2601198885,Hardy,Joshua,2ndLt,Alpha,3rd,Capt Harris,1-26,2026-01-05,Phase I - Individual Skills,64.6,,,,67.9,66.2,295,300,Expert,Expert,Pass,Pass,77.1,Not Yet Tested,Not Yet Tested,92.2,86.0,,78.3,,85.2,81.4,Middle Third,108,Academic (<75%),Active,
3674551397,Mosley,Alicia,2ndLt,Alpha,4th,Capt Lamb,1-26,2026-01-05,Phase I - Individual Skills,73.1,,,,64.7,68.9,257,279,Sharpshooter,Expert,Pass,Pass,100,Fail,Not Yet Tested,86.7,79.6,,76.7,,79.3,78.3,Bottom Third,153,Academic (<75%),Active,
2320748157,Smith,Miguel,2ndLt,Alpha,3rd,Capt Harris,1-26,2026-01-05,Phase I - Individual Skills,100,,,,79.4,89.7,286,276,Expert,Expert,Pass,Pass,79.0,Not Yet Tested,Not Yet Tested,90.9,65.6,,82.3,,67.3,82.0,Middle Third,95,Leadership (<75%),Active,
3170795726,Harris,Megan,2ndLt,Alpha,4th,Capt Lamb,1-26,2026-01-05,Phase I - Individual Skills,73.0,,,,75.6,74.3,250,259,Expert,Marksman,Fail,Pass,75.5,Not Yet Tested,Not Yet Tested,80.0,73.7,,80.1,,74.3,76.1,Bottom Third,178,Multiple (<75%),Active,
3511301900,Wright,Aaron,2ndLt,Alpha,4th,Capt Lamb,1-26,2026-01-05,Phase I - Individual Skills,87.2,,,,80.7,84.0,260,220,Expert,Expert,Pass,Pass,74.2,Fail,Not Yet Tested,82.4,79.2,,75.3,,78.8,81.6,Middle Third,103,None,Active,
9981691030,Nguyen,Cody,2ndLt,Alpha,1st,Capt Bishop,1-26,2026-01-05,Phase I - Individual Skills,86.8,,,,76.1,81.4,252,261,Expert,Expert,Pass,Pass,100,Fail,Pass,87.3,82.3,,80.5,,82.1,83.5,Middle Third,65,None,Active,
7015453083,King,Douglas,2ndLt,Alpha,3rd,Capt Harris,1-26,2026-01-05,Phase I - Individual Skills,63.8,,,,79.2,71.5,272,272,Unqualified,Expert,Pass,Pass,78.0,Fail,Fail,77.1,99.4,,85.1,,98.0,82.8,Middle Third,77,Academic (<75%),Active,
6991473746,Strickland,Jessica,2ndLt,Alpha,3rd,Capt Harris,1-26,2026-01-05,Phase I - Individual Skills,95.3,,,,95.2,95.2,270,271,Marksman,Expert,Pass,Pass,87.5,Fail,Not Yet Tested,84.1,76.2,,78.6,,76.4,84.9,Top Third,38,None,Active,
2800599868,Scott,Dominic,2ndLt,Alpha,1st,Capt Bishop,1-26,2026-01-05,Phase I - Individual Skills,66.1,,,,73.1,69.6,295,261,Expert,Sharpshooter,Pass,Pass,79.5,Not Yet Tested,Not Yet Tested,89.3,76.9,,85.2,,77.7,78.8,Bottom Third,148,Academic (<75%),Active,
3564595211,Brooks,Richard,2ndLt,Alpha,1st,Capt Bishop,1-26,2026-01-05,Phase I - Individual Skills,98.0,,,,94.9,96.5,295,246,Expert,Expert,Pass,Pass,81.7,Pass,Not Yet Tested,90.3,91.2,,73.8,,89.5,92.0,Top Third,1,None,Active,
1746087503,Price,Brayden,2ndLt,Alpha,3rd,Capt Harris,1-26,2026-01-05,Phase I - Individual Skills,86.9,,,,82.3,84.6,231,239,Expert,Expert,Pass,Fail,71.5,Not Yet Tested,Not Yet Tested,80.5,91.1,,75.7,,89.6,85.1,Top Third,37,None,Active,
1163053047,Schmidt,Frank,2ndLt,Alpha,1st,Capt Bishop,1-26,2026-01-05,Phase I - Individual Skills,94.5,,,,96.7,95.6,259,251,Sharpshooter,Expert,Pass,Pass,92.0,Not Yet Tested,Pass,89.0,62.8,,66.4,,63.2,81.8,Middle Third,98,Leadership (<75%),Active,
8991514523,Marsh,Jeffrey,2ndLt,Alpha,1st,Capt Bishop,1-26,2026-01-05,Phase I - Individual Skills,88.3,,,,93.3,90.8,246,279,Expert,Expert,Fail,Pass,85.0,Not Yet Tested,Not Yet Tested,85.0,90.9,,100,,91.8,89.3,Top Third,5,None,Active,
8675071314,Frank,Molly,2ndLt,Alpha,3rd,Capt Harris,1-26,2026-01-05,Phase I - Individual Skills,90.4,,,,85.3,87.8,274,261,Sharpshooter,Marksman,Fail,Pass,75.2,Not Yet Tested,Not Yet Tested,79.8,92.0,,80.7,,90.9,86.4,Top Third,23,None,Active,
3131098613,Cruz,Lauren,2ndLt,Alpha,1st,Capt Bishop,1-26,2026-01-05,Phase I - Individual Skills,82.2,,,,78.4,80.3,273,231,Sharpshooter,Sharpshooter,Pass,Pass,60.6,Pass,Not Yet Tested,83.6,86.3,,81.2,,85.8,83.3,Middle Third,68,None,Active,
1005502537,Villarreal,Jason,2ndLt,Alpha,2nd,Capt Johnson,1-26,2026-01-05,Phase I - Individual Skills,77.5,,,,80.4,79.0,245,246,Expert,Expert,Pass,Fail,80.4,Not Yet Tested,Not Yet Tested,82.7,81.8,,81.3,,81.8,81.2,Middle Third,109,None,Active,
5381201661,Ramos,Thomas,2ndLt,Alpha,2nd,Capt Johnson,1-26,2026-01-05,Phase I - Individual Skills,84.1,,,,77.2,80.7,295,269,Marksman,Unqualified,Pass,Not Yet Tested,83.3,Not Yet Tested,Not Yet Tested,81.0,68.1,,84.1,,69.7,76.8,Bottom Third,175,Leadership (<75%),Active,
1674755608,Fisher,Ava,2ndLt,Alpha,4th,Capt Lamb,1-26,2026-01-05,Phase I - Individual Skills,88.4,,,,88.6,88.5,291,259,Expert,Expert,Pass,Pass,64.1,Not Yet Tested,Not Yet Tested,88.2,84.8,,85.8,,84.9,87.1,Top Third,15,None,Active,
7872873371,Thompson,Susan,2ndLt,Alpha,4th,Capt Lamb,1-26,2026-01-05,Phase I - Individual Skills,83.7,,,,84.2,84.0,273,299,Expert,Expert,Pass,Pass,89.5,Fail,Fail,84.5,73.3,,85.9,,74.6,80.8,Middle Third,114,Leadership (<75%),Active,
7292376027,Vasquez,Connor,2ndLt,Alpha,1st,Capt Bishop,1-26,2026-01-05,Phase I - Individual Skills,86.9,,,,89.1,88.0,271,261,Expert,Expert,Not Yet Tested,Pass,76.3,Not Yet Tested,Not Yet Tested,88.9,83.9,,68.5,,82.4,86.3,Top Third,27,None,Active,
4786674545,Brock,Brenda,2ndLt,Alpha,3rd,Capt Harris,1-26,2026-01-05,Phase I - Individual Skills,79.1,,,,84.0,81.5,232,222,Sharpshooter,Sharpshooter,Pass,Pass,79.7,Not Yet Tested,Pass,83.9,96.1,,74.8,,94.0,86.8,Top Third,19,None,Active,
2818381356,Hernandez,Nicholas,2ndLt,Alpha,2nd,Capt Johnson,1-26,2026-01-05,Phase I - Individual Skills,90.1,,,,96.1,93.1,254,273,Marksman,Marksman,Pass,Pass,73.3,Not Yet Tested,Not Yet Tested,82.7,78.4,,88.9,,79.5,84.9,Top Third,39,None,Active,
8652281649,Chambers,Michael,2ndLt,Alpha,4th,Capt Lamb,1-26,2026-01-05,Phase I - Individual Skills,87.3,,,,80.6,83.9,242,274,Expert,Sharpshooter,Pass,Fail,79.0,Not Yet Tested,Not Yet Tested,82.3,78.8,,92.5,,80.2,82.1,Middle Third,93,None,Active,
3031719772,Sutton,Heather,2ndLt,Alpha,4th,Capt Lamb,1-26,2026-01-05,Phase I - Individual Skills,90.3,,,,81.4,85.8,229,249,Marksman,Sharpshooter,Pass,Pass,85.8,Fail,Fail,77.2,73.5,,95.8,,75.7,79.4,Bottom Third,137,None,Active,
4731897202,Brock,Shelby,2ndLt,Alpha,3rd,Capt Harris,1-26,2026-01-05,Phase I - Individual Skills,100,,,,89.4,94.7,271,262,Sharpshooter,Expert,Pass,Pass,90.3,Not Yet Tested,Not Yet Tested,89.7,91.2,,64.3,,88.5,90.9,Top Third,3,None,Active,
1682781467,Mccoy,Cynthia,2ndLt,Alpha,1st,Capt Bishop,1-26,2026-01-05,Phase I - Individual Skills,83.9,,,,83.6,83.8,292,269,Expert,Sharpshooter,Pass,Pass,78.3,Not Yet Tested,Not Yet Tested,89.3,78.0,,70.3,,77.2,83.2,Middle Third,72,None,Active,
4964570811,Steele,Ashley,2ndLt,Alpha,2nd,Capt Johnson,1-26,2026-01-05,Phase I - Individual Skills,76.1,,,,75.2,75.7,257,287,Expert,Expert,Pass,Pass,77.2,Not Yet Tested,Pass,89.8,75.9,,81.9,,76.5,80.5,Middle Third,121,None,Active,
5144289583,Gillespie,Heather,2ndLt,Alpha,4th,Capt Lamb,1-26,2026-01-05,Phase I - Individual Skills,83.6,,,,87.8,85.7,237,262,Sharpshooter,Sharpshooter,Pass,Fail,81.1,Not Yet Tested,Not Yet Tested,80.3,86.9,,78.4,,86.1,84.1,Top Third,55,None,Active,
8055515912,Acosta,Chase,2ndLt,Alpha,2nd,Capt Johnson,1-26,2026-01-05,Phase I - Individual Skills,77.3,,,,73.3,75.3,271,236,Sharpshooter,Expert,Pass,Pass,83.1,Not Yet Tested,Not Yet Tested,87.4,70.9,,88.3,,72.6,78.2,Bottom Third,156,Leadership (<75%),Active,
5759272717,Reed,Ava,2ndLt,Alpha,4th,Capt Lamb,1-26,2026-01-05,Phase I - Individual Skills,100,,,,98.9,99.5,217,263,Marksman,Expert,Pass,Pass,95.7,Not Yet Tested,Not Yet Tested,86.5,83.9,,65.2,,82.0,89.0,,,None,Academic Hold,Missed 3 consecutive quizzes - admin review pending
9699264134,Sharp,Dalton,1stLt,Alpha,2nd,Capt Johnson,1-26,2026-01-05,Phase I - Individual Skills,75.4,,,,78.7,77.1,241,263,Unqualified,Sharpshooter,Pass,Pass,66.8,Not Yet Tested,Not Yet Tested,78.5,58.9,,81.6,,61.2,71.8,Bottom Third,189,Leadership (<75%),Active,
3397657114,Steele,Tucker,2ndLt,Alpha,1st,Capt Bishop,1-26,2026-01-05,Phase I - Individual Skills,85.0,,,,79.2,82.1,215,224,Marksman,Marksman,Pass,Pass,72.0,Fail,Not Yet Tested,75.4,86.6,,71.7,,85.1,81.0,Middle Third,111,None,Active,
5800834865,Ramos,Brooke,2ndLt,Alpha,3rd,Capt Harris,1-26,2026-01-05,Phase I - Individual Skills,95.1,,,,87.8,91.4,238,252,Expert,Sharpshooter,Pass,Pass,81.1,Not Yet Tested,Pass,86.8,65.4,,100,,68.9,81.8,Middle Third,99,Leadership (<75%),Active,
4073772623,Torres,Sandra,2ndLt,Alpha,1st,Capt Bishop,1-26,2026-01-05,Phase I - Individual Skills,78.0,,,,82.0,80.0,244,264,Expert,Sharpshooter,Pass,Pass,79.3,Not Yet Tested,Not Yet Tested,86.9,90.6,,85.3,,90.1,85.8,Top Third,31,None,Active,
7027529118,Barnes,Lily,2ndLt,Alpha,3rd,Capt Harris,1-26,2026-01-05,Phase I - Individual Skills,88.6,,,,92.3,90.4,259,263,Expert,Sharpshooter,Pass,Pass,81.2,Not Yet Tested,Not Yet Tested,87.9,77.1,,69.4,,76.3,84.5,Top Third,48,None,Active,
7823288650,Clark,Eric,2ndLt,Alpha,4th,Capt Lamb,1-26,2026-01-05,Phase I - Individual Skills,97.5,,,,88.4,93.0,275,261,Expert,Marksman,Not Yet Tested,Pass,66.7,Not Yet Tested,Not Yet Tested,84.2,88.3,,100,,89.5,88.9,Top Third,7,None,Active,
1981049082,Jones,Mary,2ndLt,Alpha,1st,Capt Bishop,1-26,2026-01-05,Phase I - Individual Skills,78.8,,,,80.9,79.8,222,274,Sharpshooter,Expert,Fail,Pass,88.3,Not Yet Tested,Pass,83.6,73.1,,65.6,,72.3,78.3,Bottom Third,154,Leadership (<75%),Active,
3962452613,Gonzalez,William,2ndLt,Alpha,3rd,Capt Harris,1-26,2026-01-05,Phase I - Individual Skills,77.7,,,,70.9,74.3,247,283,Sharpshooter,Expert,Pass,Pass,92.6,Pass,Not Yet Tested,89.9,88.7,,70.9,,86.9,83.8,Top Third,62,Academic (<75%),Active,
2214216328,Walker,Madison,2ndLt,Alpha,4th,Capt Lamb,1-26,2026-01-05,Phase I - Individual Skills,78.3,,,,78.7,78.5,228,291,Expert,Expert,Pass,Pass,56.6,Not Yet Tested,Not Yet Tested,85.7,73.5,,78.9,,74.0,79.2,Bottom Third,141,Leadership (<75%),Active,
3122160665,Fields,Michael,2ndLt,Alpha,3rd,Capt Harris,1-26,2026-01-05,Phase I - Individual Skills,92.5,,,,100,96.2,273,289,Expert,Unqualified,Pass,Pass,71.9,Not Yet Tested,Not Yet Tested,83.5,85.1,,70.4,,83.6,87.6,Top Third,12,None,Active,
1497791242,Watson,Kelsey,2ndLt,Alpha,2nd,Capt Johnson,1-26,2026-01-05,Phase I - Individual Skills,83.5,,,,94.2,88.8,256,254,Marksman,Unqualified,Pass,Pass,72.9,Not Yet Tested,Not Yet Tested,78.3,86.9,,84.6,,86.7,84.7,Top Third,41,None,Active,
8884307306,Cooper,Margaret,2ndLt,Alpha,4th,Capt Lamb,1-26,2026-01-05,Phase I - Individual Skills,73.3,,,,71.3,72.3,280,270,Sharpshooter,Unqualified,Pass,Pass,84.6,Not Yet Tested,Not Yet Tested,83.3,71.2,,73.5,,71.4,75.5,Bottom Third,180,Multiple (<75%),Active,
8641452462,Ross,Lauren,2ndLt,Alpha,2nd,Capt Johnson,1-26,2026-01-05,Phase I - Individual Skills,63.4,,,,74.5,69.0,227,283,Expert,Marksman,Pass,Pass,72.8,Not Yet Tested,Pass,85.3,93.3,,75.9,,91.6,82.4,Middle Third,87,Academic (<75%),Active,
5704029171,Olson,Dillon,2ndLt,Alpha,4th,Capt Lamb,1-26,2026-01-05,Phase I - Individual Skills,75.6,,,,75.4,75.5,286,236,Expert,Unqualified,Pass,Pass,92.7,Fail,Not Yet Tested,80.8,82.4,,75.1,,81.7,79.4,Bottom Third,138,None,Active,
6329589780,Chavez,Melissa,2ndLt,Alpha,2nd,Capt Johnson,1-26,2026-01-05,Phase I - Individual Skills,84.2,,,,85.5,84.8,290,253,Expert,Sharpshooter,Pass,Fail,84.2,Not Yet Tested,Fail,80.7,79.9,,76.1,,79.5,81.6,Middle Third,104,None,Active,
9743831553,Bell,Mary,2ndLt,Alpha,3rd,Capt Harris,1-26,2026-01-05,Phase I - Individual Skills,64.9,,,,70.4,67.7,200,238,Expert,Sharpshooter,Pass,Pass,64.0,Not Yet Tested,Not Yet Tested,81.4,84.5,,70.5,,83.1,77.6,Bottom Third,172,Academic (<75%),Active,
8117478955,Brewer,Madison,2ndLt,Alpha,1st,Capt Bishop,1-26,2026-01-05,Phase I - Individual Skills,78.8,,,,81.3,80.0,237,245,Unqualified,Expert,Pass,Pass,95.8,Pass,Not Yet Tested,83.9,86.5,,63.2,,84.2,82.8,Middle Third,78,None,Active,
1841476312,Ramirez,Patricia,2ndLt,Alpha,1st,Capt Bishop,1-26,2026-01-05,Phase I - Individual Skills,100,,,,95.0,97.5,295,272,Sharpshooter,Expert,Pass,Pass,88.5,Fail,Not Yet Tested,86.6,71.0,,71.7,,71.1,84.5,Top Third,49,Leadership (<75%),Active,
9798548049,Johnson,Stephanie,2ndLt,Alpha,3rd,Capt Harris,1-26,2026-01-05,Phase I - Individual Skills,92.3,,,,91.3,91.8,258,276,Expert,Sharpshooter,Pass,Pass,77.0,Not Yet Tested,Not Yet Tested,87.9,71.1,,77.7,,71.8,83.4,Middle Third,66,Leadership (<75%),Active,
4274374218,Mcbride,Ava,2ndLt,Alpha,2nd,Capt Johnson,1-26,2026-01-05,Phase I - Individual Skills,91.7,,,,83.3,87.5,250,279,Sharpshooter,Sharpshooter,Pass,Pass,87.7,Not Yet Tested,Not Yet Tested,87.7,91.7,,72.4,,89.8,88.4,Top Third,8,None,Active,
3887823121,Turner,Aaron,2ndLt,Alpha,3rd,Capt Harris,1-26,2026-01-05,Phase I - Individual Skills,92.7,,,,98.1,95.4,247,259,Expert,Expert,Pass,Pass,71.7,Not Yet Tested,Not Yet Tested,87.2,79.8,,58.8,,77.7,86.4,Top Third,24,None,Active,
4471642620,Henderson,Cole,2ndLt,Alpha,3rd,Capt Harris,1-26,2026-01-05,Phase I - Individual Skills,80.0,,,,83.9,82.0,284,275,Expert,Expert,Pass,Pass,95.8,Not Yet Tested,Not Yet Tested,93.2,80.1,,75.4,,79.6,84.7,Top Third,42,None,Active,
2670255496,Clark,Betty,2ndLt,Alpha,4th,Capt Lamb,1-26,2026-01-05,Phase I - Individual Skills,67.1,,,,65.7,66.4,219,284,Expert,Sharpshooter,Pass,Not Yet Tested,82.9,Fail,Not Yet Tested,82.2,92.1,,63.4,,89.2,79.7,Bottom Third,131,Academic (<75%),Active,
8076527214,Edwards,Lisa,2ndLt,Alpha,2nd,Capt Johnson,1-26,2026-01-05,Phase I - Individual Skills,76.0,,,,76.8,76.4,229,281,Expert,Sharpshooter,Pass,Pass,78.1,Not Yet Tested,Not Yet Tested,86.9,69.7,,83.5,,71.1,77.9,Bottom Third,163,Leadership (<75%),Active,
2095286033,Adams,Eric,2ndLt,Alpha,2nd,Capt Johnson,1-26,2026-01-05,Phase I - Individual Skills,82.8,,,,77.2,80.0,267,262,Marksman,Sharpshooter,Pass,Pass,82.9,Not Yet Tested,Not Yet Tested,85.6,81.7,,69.5,,80.5,82.0,Middle Third,96,None,Active,
3235986982,Mitchell,Douglas,2ndLt,Alpha,1st,Capt Bishop,1-26,2026-01-05,Phase I - Individual Skills,80.2,,,,79.1,79.7,248,241,Sharpshooter,Expert,Pass,Not Yet Tested,96.8,Not Yet Tested,Not Yet Tested,88.3,66.1,,71.7,,66.7,77.8,Bottom Third,167,Leadership (<75%),Active,
6781057298,Williams,Jasmine,2ndLt,Alpha,4th,Capt Lamb,1-26,2026-01-05,Phase I - Individual Skills,89.9,,,,85.3,87.6,246,300,Expert,Sharpshooter,Pass,Pass,85.2,Not Yet Tested,Fail,85.3,69.3,,76.9,,70.1,80.6,Middle Third,119,Leadership (<75%),Active,
3798292304,Lopez,Amanda,2ndLt,Alpha,3rd,Capt Harris,1-26,2026-01-05,Phase I - Individual Skills,82.5,,,,89.4,86.0,293,269,Sharpshooter,Expert,Pass,Pass,67.8,Not Yet Tested,Not Yet Tested,87.9,84.7,,96.1,,85.8,86.5,Top Third,21,None,Active,
9899689747,Owen,Sarah,2ndLt,Alpha,4th,Capt Lamb,1-26,2026-01-05,Phase I - Individual Skills,80.3,,,,81.1,80.7,248,276,Expert,Expert,Pass,Fail,82.8,Not Yet Tested,Not Yet Tested,84.6,73.5,,82.9,,74.4,79.7,Bottom Third,132,Leadership (<75%),Active,
9615270274,Hubbard,Brayden,2ndLt,Alpha,1st,Capt Bishop,1-26,2026-01-05,Phase I - Individual Skills,79.7,,,,81.4,80.6,247,276,Expert,Expert,Pass,Pass,72.3,Fail,Not Yet Tested,84.0,81.0,,75.8,,80.5,81.7,Middle Third,101,None,Active,
1944316108,Watkins,Benjamin,2ndLt,Alpha,4th,Capt Lamb,1-26,2026-01-05,Phase I - Individual Skills,72.8,,,,83.7,78.2,238,254,Marksman,Unqualified,Fail,Pass,73.7,Not Yet Tested,Pass,74.7,80.6,,78.7,,80.4,77.9,Bottom Third,164,MilSkills (<75%),Active,
5067245523,Powell,Olivia,1stLt,Alpha,1st,Capt Bishop,1-26,2026-01-05,Phase I - Individual Skills,85.3,,,,80.5,82.9,242,240,Expert,Expert,Pass,Pass,87.5,Pass,Not Yet Tested,88.5,77.3,,76.6,,77.2,82.6,Middle Third,85,None,Active,
5609120848,Boyd,Samantha,2ndLt,Alpha,1st,Capt Bishop,1-26,2026-01-05,Phase I - Individual Skills,75.8,,,,80.8,78.3,286,283,Sharpshooter,Expert,Pass,Pass,77.2,Fail,Not Yet Tested,85.2,74.3,,72.3,,74.1,79.0,Bottom Third,145,Leadership (<75%),Active,
2839566253,Flores,Brooke,2ndLt,Alpha,1st,Capt Bishop,1-26,2026-01-05,Phase I - Individual Skills,88.1,,,,89.2,88.7,295,230,Expert,Sharpshooter,Fail,Pass,87.5,Not Yet Tested,Not Yet Tested,83.9,74.7,,76.0,,74.8,82.2,Middle Third,89,Leadership (<75%),Active,
8910440683,Lee,Ava,2ndLt,Alpha,1st,Capt Bishop,1-26,2026-01-05,Phase I - Individual Skills,82.6,,,,81.7,82.2,250,271,Expert,Expert,Pass,Pass,77.4,Not Yet Tested,Not Yet Tested,88.7,63.5,,66.3,,63.8,77.7,,,Leadership (<75%),Academic Hold,Missed 3 consecutive quizzes - admin review pending
7612862866,Lynch,Ian,2ndLt,Alpha,3rd,Capt Harris,1-26,2026-01-05,Phase I - Individual Skills,77.1,,,,72.8,74.9,288,232,Expert,Expert,Pass,Pass,69.5,Pass,Not Yet Tested,87.9,84.3,,65.1,,82.4,81.8,Middle Third,100,Academic (<75%),Active,
3208200227,Ibarra,Raymond,2ndLt,Alpha,3rd,Capt Harris,1-26,2026-01-05,Phase I - Individual Skills,78.3,,,,82.8,80.5,243,297,Expert,Expert,Pass,Pass,76.7,Fail,Not Yet Tested,85.2,74.7,,67.5,,74.0,79.7,Bottom Third,133,Leadership (<75%),Active,
1199447370,Jimenez,Colton,2ndLt,Alpha,1st,Capt Bishop,1-26,2026-01-05,Phase I - Individual Skills,88.5,,,,87.6,88.0,226,283,Expert,Expert,Pass,Pass,63.3,Not Yet Tested,Not Yet Tested,86.1,85.6,,67.6,,83.8,85.9,Top Third,30,None,Active,
7512767226,Edwards,Owen,2ndLt,Alpha,2nd,Capt Johnson,1-26,2026-01-05,Phase I - Individual Skills,80.3,,,,67.7,74.0,257,246,Expert,Expert,Pass,Pass,72.8,Pass,Pass,87.8,75.1,,69.2,,74.5,78.6,Bottom Third,150,Multiple (<75%),Active,
5781753301,Villarreal,Grant,2ndLt,Alpha,2nd,Capt Johnson,1-26,2026-01-05,Phase I - Individual Skills,72.8,,,,73.0,72.9,236,252,Expert,Expert,Pass,Pass,84.0,Not Yet Tested,Pass,88.3,79.7,,84.3,,80.2,80.5,Middle Third,122,Academic (<75%),Active,
3738568701,Brewer,Mary,2ndLt,Alpha,3rd,Capt Harris,1-26,2026-01-05,Phase I - Individual Skills,85.7,,,,95.5,90.6,200,271,Expert,Expert,Pass,Pass,93.4,Pass,Not Yet Tested,88.8,74.6,,77.6,,74.9,84.4,Top Third,52,Leadership (<75%),Active,
9256438734,Mendoza,Courtney,2ndLt,Alpha,4th,Capt Lamb,1-26,2026-01-05,Phase I - Individual Skills,78.4,,,,78.0,78.2,264,289,Marksman,Sharpshooter,Pass,Pass,81.3,Pass,Not Yet Tested,87.0,65.3,,74.7,,66.2,76.7,Bottom Third,177,Leadership (<75%),Active,
3832069709,Rice,George,2ndLt,Alpha,3rd,Capt Harris,1-26,2026-01-05,Phase I - Individual Skills,86.5,,,,99.6,93.0,255,256,Expert,Marksman,Pass,Pass,70.4,Not Yet Tested,Not Yet Tested,84.4,81.0,,68.8,,79.8,85.5,,,Multiple (<75%),Dropped,DOR - personal reasons
6388113899,Wright,Elizabeth,2ndLt,Alpha,3rd,Capt Harris,1-26,2026-01-05,Phase I - Individual Skills,72.8,,,,88.4,80.6,272,250,Expert,Sharpshooter,Pass,Pass,77.9,Not Yet Tested,Not Yet Tested,87.4,84.5,,95.4,,85.6,84.6,Top Third,45,None,Active,
1457771446,Castillo,Patricia,2ndLt,Alpha,4th,Capt Lamb,1-26,2026-01-05,Phase I - Individual Skills,75.5,,,,72.2,73.8,286,240,Unqualified,Expert,Pass,Pass,74.6,Not Yet Tested,Fail,78.7,79.8,,86.6,,80.5,77.8,Bottom Third,168,Academic (<75%),Active,
8325043570,Harmon,Clay,2ndLt,Alpha,2nd,Capt Johnson,1-26,2026-01-05,Phase I - Individual Skills,70.8,,,,77.0,73.9,220,236,Expert,Expert,Pass,Pass,85.1,Not Yet Tested,Not Yet Tested,86.7,78.6,,72.3,,78.0,79.5,Bottom Third,136,Academic (<75%),Active,
